,first_name,last_name,domain,email,id
0,Elizabeth,Webb,wilfred.com.au,Elizabeth.Webb@wilfred.com.au,0
1,Joshua,Hayes,wilfred.com.au,Joshua.Hayes@wilfred.com.au,1
2,Haley,Alexander,wilfred.com.au,Haley.Alexander@wilfred.com.au,2
3,Allison,Shepard,wilfred.com.au,Allison.Shepard@wilfred.com.au,3
4,Nathan,Nguyen,wilfred.com.au,Nathan.Nguyen@wilfred.com.au,4
5,Faith,Holmes,wilfred.com.au,Faith.Holmes@wilfred.com.au,5
6,Sandra,Lynch,wilfred.com.au,Sandra.Lynch@wilfred.com.au,6
7,John,Love,wilfred.com.au,John.Love@wilfred.com.au,7
8,Albert,Carter,wilfred.com.au,Albert.Carter@wilfred.com.au,8
9,Michael,Reese,wilfred.com.au,Michael.Reese@wilfred.com.au,9
10,Michelle,Fisher,wilfred.com.au,Michelle.Fisher@wilfred.com.au,10
11,Rebekah,Bryant,wilfred.com.au,Rebekah.Bryant@wilfred.com.au,11
12,Steve,Campos,wilfred.com.au,Steve.Campos@wilfred.com.au,12
13,Linda,Perez,wilfred.com.au,Linda.Perez@wilfred.com.au,13
14,Andrew,Williams,wilfred.com.au,Andrew.Williams@wilfred.com.au,14
15,Brian,Rodriguez,wilfred.com.au,Brian.Rodriguez@wilfred.com.au,15
16,William,Ware,wilfred.com.au,William.Ware@wilfred.com.au,16
17,Jill,Munoz,wilfred.com.au,Jill.Munoz@wilfred.com.au,17
18,John,Spencer,wilfred.com.au,John.Spencer@wilfred.com.au,18
19,Katelyn,Donovan,wilfred.com.au,Katelyn.Donovan@wilfred.com.au,19
20,Tiffany,Harris,wilfred.com.au,Tiffany.Harris@wilfred.com.au,20
21,Omar,Taylor,wilfred.com.au,Omar.Taylor@wilfred.com.au,21
22,Vincent,Smith,wilfred.com.au,Vincent.Smith@wilfred.com.au,22
23,Kayla,Frederick,wilfred.com.au,Kayla.Frederick@wilfred.com.au,23
24,Glenn,Villarreal,wilfred.com.au,Glenn.Villarreal@wilfred.com.au,24
25,Lisa,Clark,wilfred.com.au,Lisa.Clark@wilfred.com.au,25
26,Debbie,Scott,wilfred.com.au,Debbie.Scott@wilfred.com.au,26
27,Jill,Perez,wilfred.com.au,Jill.Perez@wilfred.com.au,27
28,Dylan,Odonnell,wilfred.com.au,Dylan.Odonnell@wilfred.com.au,28
29,Wendy,Fowler,wilfred.com.au,Wendy.Fowler@wilfred.com.au,29
30,Kenneth,Hawkins,wilfred.com.au,Kenneth.Hawkins@wilfred.com.au,30
31,Tanya,Ali,wilfred.com.au,Tanya.Ali@wilfred.com.au,31
32,Nicholas,Wells,wilfred.com.au,Nicholas.Wells@wilfred.com.au,32
33,Julie,Lopez,wilfred.com.au,Julie.Lopez@wilfred.com.au,33
34,Aaron,Bullock,wilfred.com.au,Aaron.Bullock@wilfred.com.au,34
35,Lauren,Gould,wilfred.com.au,Lauren.Gould@wilfred.com.au,35
36,Tonya,Fisher,wilfred.com.au,Tonya.Fisher@wilfred.com.au,36
37,Travis,Davis,wilfred.com.au,Travis.Davis@wilfred.com.au,37
38,Christina,Eaton,wilfred.com.au,Christina.Eaton@wilfred.com.au,38
39,William,Young,wilfred.com.au,William.Young@wilfred.com.au,39
40,Samuel,Simmons,wilfred.com.au,Samuel.Simmons@wilfred.com.au,40
41,Toni,Nicholson,wilfred.com.au,Toni.Nicholson@wilfred.com.au,41
42,Erik,Garcia,wilfred.com.au,Erik.Garcia@wilfred.com.au,42
43,Paul,Flores,wilfred.com.au,Paul.Flores@wilfred.com.au,43
44,Ronald,Garcia,wilfred.com.au,Ronald.Garcia@wilfred.com.au,44
45,Angela,Sandoval,wilfred.com.au,Angela.Sandoval@wilfred.com.au,45
46,Joe,Murray,wilfred.com.au,Joe.Murray@wilfred.com.au,46
47,Benjamin,Williams,wilfred.com.au,Benjamin.Williams@wilfred.com.au,47
48,Michelle,Cruz,wilfred.com.au,Michelle.Cruz@wilfred.com.au,48
49,Laura,Robertson,wilfred.com.au,Laura.Robertson@wilfred.com.au,49
50,Adam,Weber,wilfred.com.au,Adam.Weber@wilfred.com.au,50
51,Adrienne,Maldonado,wilfred.com.au,Adrienne.Maldonado@wilfred.com.au,51
52,Laura,Freeman,wilfred.com.au,Laura.Freeman@wilfred.com.au,52
53,William,Johnson,wilfred.com.au,William.Johnson@wilfred.com.au,53
