,first_name,last_name,domain,email,id
0,Elizabeth,Webb,wilfred.com.au,Elizabeth.Webb@wilfred.com.au,0
1,Joshua,Hayes,wilfred.com.au,Joshua.Hayes@wilfred.com.au,1
2,Haley,Alexander,wilfred.com.au,Haley.Alexander@wilfred.com.au,2
3,Allison,Shepard,wilfred.com.au,Allison.Shepard@wilfred.com.au,3
4,Nathan,Nguyen,wilfred.com.au,Nathan.Nguyen@wilfred.com.au,4
5,Faith,Holmes,wilfred.com.au,Faith.Holmes@wilfred.com.au,5
6,Sandra,Lynch,wilfred.com.au,Sandra.Lynch@wilfred.com.au,6
7,John,Love,wilfred.com.au,John.Love@wilfred.com.au,7
8,Albert,Carter,wilfred.com.au,Albert.Carter@wilfred.com.au,8
9,Michael,Reese,wilfred.com.au,Michael.Reese@wilfred.com.au,9
10,Michelle,Fisher,wilfred.com.au,Michelle.Fisher@wilfred.com.au,10
11,Rebekah,Bryant,wilfred.com.au,Rebekah.Bryant@wilfred.com.au,11
12,Steve,Campos,wilfred.com.au,Steve.Campos@wilfred.com.au,12
13,Linda,Perez,wilfred.com.au,Linda.Perez@wilfred.com.au,13
14,Andrew,Williams,wilfred.com.au,Andrew.Williams@wilfred.com.au,14
15,Brian,Rodriguez,wilfred.com.au,Brian.Rodriguez@wilfred.com.au,15
16,William,Ware,wilfred.com.au,William.Ware@wilfred.com.au,16
17,Jill,Munoz,wilfred.com.au,Jill.Munoz@wilfred.com.au,17
18,John,Spencer,wilfred.com.au,John.Spencer@wilfred.com.au,18
19,Katelyn,Donovan,wilfred.com.au,Katelyn.Donovan@wilfred.com.au,19
20,Tiffany,Harris,wilfred.com.au,Tiffany.Harris@wilfred.com.au,20
21,Omar,Taylor,wilfred.com.au,Omar.Taylor@wilfred.com.au,21
22,Vincent,Smith,wilfred.com.au,Vincent.Smith@wilfred.com.au,22
23,Kayla,Frederick,wilfred.com.au,Kayla.Frederick@wilfred.com.au,23
24,Glenn,Villarreal,wilfred.com.au,Glenn.Villarreal@wilfred.com.au,24
25,Lisa,Clark,wilfred.com.au,Lisa.Clark@wilfred.com.au,25
26,Debbie,Scott,wilfred.com.au,Debbie.Scott@wilfred.com.au,26
27,Jill,Perez,wilfred.com.au,Jill.Perez@wilfred.com.au,27
28,Dylan,Odonnell,wilfred.com.au,Dylan.Odonnell@wilfred.com.au,28
29,Wendy,Fowler,wilfred.com.au,Wendy.Fowler@wilfred.com.au,29
30,Kenneth,Hawkins,wilfred.com.au,Kenneth.Hawkins@wilfred.com.au,30
31,Tanya,Ali,wilfred.com.au,Tanya.Ali@wilfred.com.au,31
32,Nicholas,Wells,wilfred.com.au,Nicholas.Wells@wilfred.com.au,32
33,Julie,Lopez,wilfred.com.au,Julie.Lopez@wilfred.com.au,33
34,Aaron,Bullock,wilfred.com.au,Aaron.Bullock@wilfred.com.au,34
35,Lauren,Gould,wilfred.com.au,Lauren.Gould@wilfred.com.au,35
36,Tonya,Fisher,wilfred.com.au,Tonya.Fisher@wilfred.com.au,36
37,Travis,Davis,wilfred.com.au,Travis.Davis@wilfred.com.au,37
38,Christina,Eaton,wilfred.com.au,Christina.Eaton@wilfred.com.au,38
39,William,Young,wilfred.com.au,William.Young@wilfred.com.au,39
40,Samuel,Simmons,wilfred.com.au,Samuel.Simmons@wilfred.com.au,40
41,Toni,Nicholson,wilfred.com.au,Toni.Nicholson@wilfred.com.au,41
42,Erik,Garcia,wilfred.com.au,Erik.Garcia@wilfred.com.au,42
43,Paul,Flores,wilfred.com.au,Paul.Flores@wilfred.com.au,43
44,Ronald,Garcia,wilfred.com.au,Ronald.Garcia@wilfred.com.au,44
45,Angela,Sandoval,wilfred.com.au,Angela.Sandoval@wilfred.com.au,45
46,Joe,Murray,wilfred.com.au,Joe.Murray@wilfred.com.au,46
47,Benjamin,Williams,wilfred.com.au,Benjamin.Williams@wilfred.com.au,47
48,Michelle,Cruz,wilfred.com.au,Michelle.Cruz@wilfred.com.au,48
49,Laura,Robertson,wilfred.com.au,Laura.Robertson@wilfred.com.au,49
50,Adam,Weber,wilfred.com.au,Adam.Weber@wilfred.com.au,50
51,Adrienne,Maldonado,wilfred.com.au,Adrienne.Maldonado@wilfred.com.au,51
52,Laura,Freeman,wilfred.com.au,Laura.Freeman@wilfred.com.au,52
53,William,Johnson,wilfred.com.au,William.Johnson@wilfred.com.au,53
54,Richard,Franklin,wilfred.com.au,Richard.Franklin@wilfred.com.au,54
55,Amber,Walker,wilfred.com.au,Amber.Walker@wilfred.com.au,55
56,Jeffrey,Warren,wilfred.com.au,Jeffrey.Warren@wilfred.com.au,56
57,Cassandra,Hoffman,wilfred.com.au,Cassandra.Hoffman@wilfred.com.au,57
58,Bobby,Hanson,wilfred.com.au,Bobby.Hanson@wilfred.com.au,58
59,Jonathan,Clay,wilfred.com.au,Jonathan.Clay@wilfred.com.au,59
60,Stephen,Keller,wilfred.com.au,Stephen.Keller@wilfred.com.au,60
61,Joshua,Stanley,wilfred.com.au,Joshua.Stanley@wilfred.com.au,61
62,Melissa,Lopez,wilfred.com.au,Melissa.Lopez@wilfred.com.au,62
63,Jessica,Sanchez,wilfred.com.au,Jessica.Sanchez@wilfred.com.au,63
64,Jeanne,Shah,wilfred.com.au,Jeanne.Shah@wilfred.com.au,64
65,Lisa,White,wilfred.com.au,Lisa.White@wilfred.com.au,65
66,Nathaniel,Holt,wilfred.com.au,Nathaniel.Holt@wilfred.com.au,66
67,Brian,Walsh,wilfred.com.au,Brian.Walsh@wilfred.com.au,67
68,Gina,Walter,wilfred.com.au,Gina.Walter@wilfred.com.au,68
69,Johnny,Mcguire,wilfred.com.au,Johnny.Mcguire@wilfred.com.au,69
70,Monica,Yu,wilfred.com.au,Monica.Yu@wilfred.com.au,70
71,Christopher,Mcgee,wilfred.com.au,Christopher.Mcgee@wilfred.com.au,71
72,Paige,Daniels,wilfred.com.au,Paige.Daniels@wilfred.com.au,72
73,David,Gutierrez,wilfred.com.au,David.Gutierrez@wilfred.com.au,73
74,Steve,White,wilfred.com.au,Steve.White@wilfred.com.au,74
75,Elizabeth,Myers,wilfred.com.au,Elizabeth.Myers@wilfred.com.au,75
76,Terri,Anthony,wilfred.com.au,Terri.Anthony@wilfred.com.au,76
77,Andrew,Johnson,wilfred.com.au,Andrew.Johnson@wilfred.com.au,77
78,Dawn,Cunningham,wilfred.com.au,Dawn.Cunningham@wilfred.com.au,78
79,Christian,Patel,wilfred.com.au,Christian.Patel@wilfred.com.au,79
80,Michelle,Valencia,wilfred.com.au,Michelle.Valencia@wilfred.com.au,80
81,Samuel,Baker,wilfred.com.au,Samuel.Baker@wilfred.com.au,81
82,Michael,Robbins,wilfred.com.au,Michael.Robbins@wilfred.com.au,82
83,Richard,Lambert,wilfred.com.au,Richard.Lambert@wilfred.com.au,83
84,Bailey,Macdonald,wilfred.com.au,Bailey.Macdonald@wilfred.com.au,84
85,Linda,Welch,wilfred.com.au,Linda.Welch@wilfred.com.au,85
86,Erica,Saunders,wilfred.com.au,Erica.Saunders@wilfred.com.au,86
87,Sandra,Santiago,wilfred.com.au,Sandra.Santiago@wilfred.com.au,87
88,Brandon,Thompson,wilfred.com.au,Brandon.Thompson@wilfred.com.au,88
89,Casey,Bennett,wilfred.com.au,Casey.Bennett@wilfred.com.au,89
90,Ana,Gordon,wilfred.com.au,Ana.Gordon@wilfred.com.au,90
91,Kyle,Mckinney,wilfred.com.au,Kyle.Mckinney@wilfred.com.au,91
92,Mark,Ford,wilfred.com.au,Mark.Ford@wilfred.com.au,92
93,Phillip,Gibson,wilfred.com.au,Phillip.Gibson@wilfred.com.au,93
94,Sierra,Thornton,wilfred.com.au,Sierra.Thornton@wilfred.com.au,94
95,Jeffery,Suarez,wilfred.com.au,Jeffery.Suarez@wilfred.com.au,95
96,Robert,Delgado,wilfred.com.au,Robert.Delgado@wilfred.com.au,96
97,Ann,Price,wilfred.com.au,Ann.Price@wilfred.com.au,97
98,Wendy,Martinez,wilfred.com.au,Wendy.Martinez@wilfred.com.au,98
99,Anthony,Bryan,wilfred.com.au,Anthony.Bryan@wilfred.com.au,99
100,Brandon,Gonzalez,wilfred.com.au,Brandon.Gonzalez@wilfred.com.au,100
101,Angela,Cuevas,wilfred.com.au,Angela.Cuevas@wilfred.com.au,101
102,Kristin,Rivera,wilfred.com.au,Kristin.Rivera@wilfred.com.au,102
103,James,Butler,wilfred.com.au,James.Butler@wilfred.com.au,103
104,Jason,Dunn,wilfred.com.au,Jason.Dunn@wilfred.com.au,104
105,Sonya,Gaines,wilfred.com.au,Sonya.Gaines@wilfred.com.au,105
106,Amanda,Lee,wilfred.com.au,Amanda.Lee@wilfred.com.au,106
107,Robert,Smith,wilfred.com.au,Robert.Smith@wilfred.com.au,107
108,Paula,Delgado,wilfred.com.au,Paula.Delgado@wilfred.com.au,108
109,Christina,Humphrey,wilfred.com.au,Christina.Humphrey@wilfred.com.au,109
110,Dana,Carter,wilfred.com.au,Dana.Carter@wilfred.com.au,110
111,Gabriella,Juarez,wilfred.com.au,Gabriella.Juarez@wilfred.com.au,111
112,Shannon,Martin,wilfred.com.au,Shannon.Martin@wilfred.com.au,112
113,Steven,Smith,wilfred.com.au,Steven.Smith@wilfred.com.au,113
114,Jessica,Valdez,wilfred.com.au,Jessica.Valdez@wilfred.com.au,114
115,Gwendolyn,Silva,wilfred.com.au,Gwendolyn.Silva@wilfred.com.au,115
116,Patricia,Watson,wilfred.com.au,Patricia.Watson@wilfred.com.au,116
117,Donna,Rodriguez,wilfred.com.au,Donna.Rodriguez@wilfred.com.au,117
118,Ian,Hicks,wilfred.com.au,Ian.Hicks@wilfred.com.au,118
119,Manuel,Miller,wilfred.com.au,Manuel.Miller@wilfred.com.au,119
120,Tracey,Boyd,wilfred.com.au,Tracey.Boyd@wilfred.com.au,120
121,Stephen,Young,wilfred.com.au,Stephen.Young@wilfred.com.au,121
122,Carrie,Doyle,wilfred.com.au,Carrie.Doyle@wilfred.com.au,122
123,Alisha,Mcgee,wilfred.com.au,Alisha.Mcgee@wilfred.com.au,123
124,Beverly,Dunn,wilfred.com.au,Beverly.Dunn@wilfred.com.au,124
125,Tiffany,Jenkins,wilfred.com.au,Tiffany.Jenkins@wilfred.com.au,125
126,Sherri,Johnson,coyote.com.au,Sherri.Johnson@coyote.com.au,126
127,Anne,Lopez,ano.gov.au,Anne.Lopez@ano.gov.au,127
128,Anna,Miller,ano.gov.au,Anna.Miller@ano.gov.au,128
129,Ian,Porter,ano.gov.au,Ian.Porter@ano.gov.au,129
130,Marvin,Fisher,ano.gov.au,Marvin.Fisher@ano.gov.au,130
131,Suzanne,Ruiz,universal.com,Suzanne.Ruiz@universal.com,131
132,James,Larsen,ano.gov.au,James.Larsen@ano.gov.au,132
133,Bradley,Long,universal.com,Bradley.Long@universal.com,133
134,David,Jones,universal.com,David.Jones@universal.com,134
135,Casey,Wallace,ano.gov.au,Casey.Wallace@ano.gov.au,135
136,Robert,Thomas,ano.gov.au,Robert.Thomas@ano.gov.au,136
137,Shelley,Ross,universal.com,Shelley.Ross@universal.com,137
138,Catherine,Smith,coyote.com.au,Catherine.Smith@coyote.com.au,138
139,Stephen,Cox,coyote.com.au,Stephen.Cox@coyote.com.au,139
140,Franklin,Young,ano.gov.au,Franklin.Young@ano.gov.au,140
141,Nancy,Jones,ano.gov.au,Nancy.Jones@ano.gov.au,141
142,Pamela,Lopez,ano.gov.au,Pamela.Lopez@ano.gov.au,142
143,Amanda,Williams,universal.com,Amanda.Williams@universal.com,143
144,David,Morales,ano.gov.au,David.Morales@ano.gov.au,144
145,William,Lowe,universal.com,William.Lowe@universal.com,145
146,Amy,Owens,universal.com,Amy.Owens@universal.com,146
147,Michelle,Cortez,coyote.com.au,Michelle.Cortez@coyote.com.au,147
